[{"model": "admin.logentry", "pk": 1, "fields": {"action_time": "2023-02-28T06:28:10.969Z", "user": 1, "content_type": 9, "object_id": "1", "object_repr": "Owner", "action_flag": 1, "change_message": "[{\"added\": {}}]"}}, {"model": "admin.logentry", "pk": 2, "fields": {"action_time": "2023-02-28T06:28:18.352Z", "user": 1, "content_type": 9, "object_id": "2", "object_repr": "Driver", "action_flag": 1, "change_message": "[{\"added\": {}}]"}}, {"model": "admin.logentry", "pk": 3, "fields": {"action_time": "2023-02-28T06:28:21.876Z", "user": 1, "content_type": 9, "object_id": "3", "object_repr": "Conductor", "action_flag": 1, "change_message": "[{\"added\": {}}]"}}, {"model": "admin.logentry", "pk": 4, "fields": {"action_time": "2023-02-28T06:37:40.880Z", "user": 1, "content_type": 7, "object_id": "1", "object_repr": "Jean", "action_flag": 1, "change_message": "[{\"added\": {}}]"}}, {"model": "admin.logentry", "pk": 5, "fields": {"action_time": "2023-02-28T06:38:34.763Z", "user": 1, "content_type": 7, "object_id": "2", "object_repr": "Erling", "action_flag": 1, "change_message": "[{\"added\": {}}]"}}, {"model": "admin.logentry", "pk": 6, "fields": {"action_time": "2023-02-28T06:39:26.742Z", "user": 1, "content_type": 7, "object_id": "3", "object_repr": "Means", "action_flag": 1, "change_message": "[{\"added\": {}}]"}}, {"model": "admin.logentry", "pk": 7, "fields": {"action_time": "2023-02-28T06:40:18.434Z", "user": 1, "content_type": 7, "object_id": "4", "object_repr": "Justus", "action_flag": 1, "change_message": "[{\"added\": {}}]"}}, {"model": "admin.logentry", "pk": 8, "fields": {"action_time": "2023-02-28T06:41:21.812Z", "user": 1, "content_type": 7, "object_id": "5", "object_repr": "Justusman", "action_flag": 1, "change_message": "[{\"added\": {}}]"}}, {"model": "admin.logentry", "pk": 9, "fields": {"action_time": "2023-02-28T06:44:20.922Z", "user": 1, "content_type": 7, "object_id": "6", "object_repr": "Meamnb", "action_flag": 1, "change_message": "[{\"added\": {}}]"}}, {"model": "admin.logentry", "pk": 10, "fields": {"action_time": "2023-02-28T06:45:24.375Z", "user": 1, "content_type": 7, "object_id": "7", "object_repr": "Joan", "action_flag": 1, "change_message": "[{\"added\": {}}]"}}, {"model": "admin.logentry", "pk": 11, "fields": {"action_time": "2023-02-28T06:46:45.816Z", "user": 1, "content_type": 7, "object_id": "8", "object_repr": "Sushi", "action_flag": 1, "change_message": "[{\"added\": {}}]"}}, {"model": "admin.logentry", "pk": 12, "fields": {"action_time": "2023-02-28T06:49:50.587Z", "user": 1, "content_type": 10, "object_id": "1", "object_repr": "Kakamega-Nairobi", "action_flag": 1, "change_message": "[{\"added\": {}}]"}}, {"model": "admin.logentry", "pk": 13, "fields": {"action_time": "2023-02-28T06:50:26.644Z", "user": 1, "content_type": 10, "object_id": "2", "object_repr": "Mombasa-Kisumu", "action_flag": 1, "change_message": "[{\"added\": {}}]"}}, {"model": "admin.logentry", "pk": 14, "fields": {"action_time": "2023-02-28T06:51:07.934Z", "user": 1, "content_type": 10, "object_id": "3", "object_repr": "Kakamega-Mombasa", "action_flag": 1, "change_message": "[{\"added\": {}}]"}}, {"model": "admin.logentry", "pk": 15, "fields": {"action_time": "2023-02-28T06:51:59.853Z", "user": 1, "content_type": 10, "object_id": "4", "object_repr": "Nakuru-Mombasa", "action_flag": 1, "change_message": "[{\"added\": {}}]"}}, {"model": "admin.logentry", "pk": 16, "fields": {"action_time": "2023-02-28T06:52:32.832Z", "user": 1, "content_type": 10, "object_id": "5", "object_repr": "Nairobi-Siaya", "action_flag": 1, "change_message": "[{\"added\": {}}]"}}, {"model": "admin.logentry", "pk": 17, "fields": {"action_time": "2023-02-28T06:53:15.008Z", "user": 1, "content_type": 10, "object_id": "6", "object_repr": "Machakos-Kisumu", "action_flag": 1, "change_message": "[{\"added\": {}}]"}}, {"model": "admin.logentry", "pk": 18, "fields": {"action_time": "2023-02-28T06:53:51.713Z", "user": 1, "content_type": 10, "object_id": "7", "object_repr": "Kitale-Kisumu", "action_flag": 1, "change_message": "[{\"added\": {}}]"}}, {"model": "admin.logentry", "pk": 19, "fields": {"action_time": "2023-02-28T06:54:56.878Z", "user": 1, "content_type": 10, "object_id": "8", "object_repr": "Mombasa-Siaya", "action_flag": 1, "change_message": "[{\"added\": {}}]"}}, {"model": "admin.logentry", "pk": 20, "fields": {"action_time": "2023-02-28T07:05:35.059Z", "user": 1, "content_type": 8, "object_id": "1", "object_repr": "KAB 655B", "action_flag": 1, "change_message": "[{\"added\": {}}]"}}, {"model": "admin.logentry", "pk": 21, "fields": {"action_time": "2023-02-28T07:05:49.112Z", "user": 1, "content_type": 8, "object_id": "1", "object_repr": "KAB 655B", "action_flag": 2, "change_message": "[]"}}, {"model": "admin.logentry", "pk": 22, "fields": {"action_time": "2023-02-28T07:06:27.725Z", "user": 1, "content_type": 8, "object_id": "2", "object_repr": "KAB 655C", "action_flag": 1, "change_message": "[{\"added\": {}}]"}}, {"model": "admin.logentry", "pk": 23, "fields": {"action_time": "2023-02-28T07:06:58.710Z", "user": 1, "content_type": 8, "object_id": "3", "object_repr": "KAB 655B", "action_flag": 1, "change_message": "[{\"added\": {}}]"}}, {"model": "admin.logentry", "pk": 24, "fields": {"action_time": "2023-02-28T07:08:26.550Z", "user": 1, "content_type": 8, "object_id": "1", "object_repr": "KAB 656N", "action_flag": 2, "change_message": "[{\"changed\": {\"fields\": [\"Reg no\"]}}]"}}, {"model": "admin.logentry", "pk": 25, "fields": {"action_time": "2023-02-28T07:09:24.264Z", "user": 1, "content_type": 8, "object_id": "4", "object_repr": "KAB 555B", "action_flag": 1, "change_message": "[{\"added\": {}}]"}}, {"model": "admin.logentry", "pk": 26, "fields": {"action_time": "2023-02-28T07:10:02.460Z", "user": 1, "content_type": 8, "object_id": "5", "object_repr": "KBC 655C", "action_flag": 1, "change_message": "[{\"added\": {}}]"}}, {"model": "admin.logentry", "pk": 27, "fields": {"action_time": "2023-02-28T07:10:42.757Z", "user": 1, "content_type": 8, "object_id": "6", "object_repr": "KDD 655C", "action_flag": 1, "change_message": "[{\"added\": {}}]"}}, {"model": "admin.logentry", "pk": 28, "fields": {"action_time": "2023-02-28T07:12:14.647Z", "user": 1, "content_type": 8, "object_id": "7", "object_repr": "KDC 009C", "action_flag": 1, "change_message": "[{\"added\": {}}]"}}, {"model": "admin.logentry", "pk": 29, "fields": {"action_time": "2023-02-28T07:12:42.697Z", "user": 1, "content_type": 8, "object_id": "8", "object_repr": "KDD 655D", "action_flag": 1, "change_message": "[{\"added\": {}}]"}}, {"model": "admin.logentry", "pk": 30, "fields": {"action_time": "2023-02-28T07:28:46.899Z", "user": 1, "content_type": 10, "object_id": "9", "object_repr": "Kisii-Nairobi", "action_flag": 1, "change_message": "[{\"added\": {}}]"}}, {"model": "admin.logentry", "pk": 31, "fields": {"action_time": "2023-02-28T07:29:22.166Z", "user": 1, "content_type": 10, "object_id": "10", "object_repr": "Homabay-Siaya", "action_flag": 1, "change_message": "[{\"added\": {}}]"}}, {"model": "admin.logentry", "pk": 32, "fields": {"action_time": "2023-02-28T07:31:12.758Z", "user": 1, "content_type": 10, "object_id": "11", "object_repr": "Bungoma-Kitale", "action_flag": 1, "change_message": "[{\"added\": {}}]"}}, {"model": "admin.logentry", "pk": 33, "fields": {"action_time": "2023-02-28T12:50:12.944Z", "user": 1, "content_type": 10, "object_id": "11", "object_repr": "Bungoma-Kakamega-Kitale", "action_flag": 2, "change_message": "[{\"changed\": {\"fields\": [\"Route name\"]}}]"}}, {"model": "admin.logentry", "pk": 34, "fields": {"action_time": "2023-02-28T12:50:41.984Z", "user": 1, "content_type": 10, "object_id": "10", "object_repr": "Homabay-Kisumu-Siaya", "action_flag": 2, "change_message": "[{\"changed\": {\"fields\": [\"Route name\"]}}]"}}, {"model": "admin.logentry", "pk": 35, "fields": {"action_time": "2023-02-28T12:51:08.095Z", "user": 1, "content_type": 10, "object_id": "9", "object_repr": "Kisii-Narok-Nairobi", "action_flag": 2, "change_message": "[{\"changed\": {\"fields\": [\"Route name\"]}}]"}}, {"model": "admin.logentry", "pk": 36, "fields": {"action_time": "2023-02-28T12:51:33.247Z", "user": 1, "content_type": 10, "object_id": "8", "object_repr": "Mombasa-Nairobi-Kisumu-Siaya", "action_flag": 2, "change_message": "[{\"changed\": {\"fields\": [\"Route name\"]}}]"}}, {"model": "admin.logentry", "pk": 37, "fields": {"action_time": "2023-02-28T12:51:51.606Z", "user": 1, "content_type": 10, "object_id": "7", "object_repr": "Kitale-Kakamega-Kisumu", "action_flag": 2, "change_message": "[{\"changed\": {\"fields\": [\"Route name\"]}}]"}}, {"model": "admin.logentry", "pk": 38, "fields": {"action_time": "2023-02-28T12:52:22.539Z", "user": 1, "content_type": 10, "object_id": "6", "object_repr": "Machakos-Nairobi-Nakuru-Kisumu", "action_flag": 2, "change_message": "[{\"changed\": {\"fields\": [\"Route name\"]}}]"}}, {"model": "admin.logentry", "pk": 39, "fields": {"action_time": "2023-02-28T12:52:45.364Z", "user": 1, "content_type": 10, "object_id": "5", "object_repr": "Nairobi-Nakuru-Kisumu-Siaya", "action_flag": 2, "change_message": "[{\"changed\": {\"fields\": [\"Route name\"]}}]"}}, {"model": "admin.logentry", "pk": 40, "fields": {"action_time": "2023-02-28T12:53:29.709Z", "user": 1, "content_type": 10, "object_id": "4", "object_repr": "Nakuru-Nairobi-Kitui-Mombasa", "action_flag": 2, "change_message": "[{\"changed\": {\"fields\": [\"Route name\"]}}]"}}, {"model": "admin.logentry", "pk": 41, "fields": {"action_time": "2023-02-28T12:54:00.828Z", "user": 1, "content_type": 10, "object_id": "3", "object_repr": "Kakamega-Eldoret-Nakuru-Nairobi-Mombasa", "action_flag": 2, "change_message": "[{\"changed\": {\"fields\": [\"Route name\"]}}]"}}, {"model": "admin.logentry", "pk": 42, "fields": {"action_time": "2023-02-28T12:54:35.283Z", "user": 1, "content_type": 10, "object_id": "2", "object_repr": "Mombasa-Nairobi-Narok-Kisii-Kisumu", "action_flag": 2, "change_message": "[{\"changed\": {\"fields\": [\"Route name\"]}}]"}}, {"model": "admin.logentry", "pk": 43, "fields": {"action_time": "2023-02-28T12:55:03.736Z", "user": 1, "content_type": 10, "object_id": "1", "object_repr": "Kakamega-Kisumu-Nakuru-Nairobi", "action_flag": 2, "change_message": "[{\"changed\": {\"fields\": [\"Route name\"]}}]"}}, {"model": "admin.logentry", "pk": 44, "fields": {"action_time": "2023-02-28T16:06:57.347Z", "user": 1, "content_type": 12, "object_id": "1", "object_repr": "Kisumu", "action_flag": 1, "change_message": "[{\"added\": {}}]"}}, {"model": "admin.logentry", "pk": 45, "fields": {"action_time": "2023-02-28T16:07:46.960Z", "user": 1, "content_type": 12, "object_id": "2", "object_repr": "Nairobi", "action_flag": 1, "change_message": "[{\"added\": {}}]"}}, {"model": "admin.logentry", "pk": 46, "fields": {"action_time": "2023-02-28T16:08:21.845Z", "user": 1, "content_type": 12, "object_id": "3", "object_repr": "Mombasa", "action_flag": 1, "change_message": "[{\"added\": {}}]"}}, {"model": "admin.logentry", "pk": 47, "fields": {"action_time": "2023-02-28T16:09:45.015Z", "user": 1, "content_type": 12, "object_id": "1", "object_repr": "Kisumu", "action_flag": 2, "change_message": "[{\"changed\": {\"fields\": [\"Gps x\", \"Gps y\"]}}]"}}, {"model": "admin.logentry", "pk": 48, "fields": {"action_time": "2023-02-28T16:11:12.938Z", "user": 1, "content_type": 12, "object_id": "4", "object_repr": "Kakamega", "action_flag": 1, "change_message": "[{\"added\": {}}]"}}, {"model": "admin.logentry", "pk": 49, "fields": {"action_time": "2023-02-28T16:12:09.659Z", "user": 1, "content_type": 12, "object_id": "5", "object_repr": "Nakuru", "action_flag": 1, "change_message": "[{\"added\": {}}]"}}, {"model": "admin.logentry", "pk": 50, "fields": {"action_time": "2023-02-28T16:12:49.689Z", "user": 1, "content_type": 12, "object_id": "6", "object_repr": "Narok", "action_flag": 1, "change_message": "[{\"added\": {}}]"}}, {"model": "admin.logentry", "pk": 51, "fields": {"action_time": "2023-02-28T16:14:30.550Z", "user": 1, "content_type": 12, "object_id": "7", "object_repr": "Kisii", "action_flag": 1, "change_message": "[{\"added\": {}}]"}}, {"model": "admin.logentry", "pk": 52, "fields": {"action_time": "2023-02-28T16:15:41.711Z", "user": 1, "content_type": 12, "object_id": "8", "object_repr": "Machakos", "action_flag": 1, "change_message": "[{\"added\": {}}]"}}, {"model": "admin.logentry", "pk": 53, "fields": {"action_time": "2023-02-28T16:21:54.874Z", "user": 1, "content_type": 11, "object_id": "1", "object_repr": "Nairobi (1200.0)", "action_flag": 1, "change_message": "[{\"added\": {}}]"}}, {"model": "admin.logentry", "pk": 54, "fields": {"action_time": "2023-02-28T16:22:13.453Z", "user": 1, "content_type": 11, "object_id": "2", "object_repr": "Narok (700.0)", "action_flag": 1, "change_message": "[{\"added\": {}}]"}}, {"model": "admin.logentry", "pk": 55, "fields": {"action_time": "2023-02-28T16:22:31.394Z", "user": 1, "content_type": 11, "object_id": "3", "object_repr": "Kisii (500.0)", "action_flag": 1, "change_message": "[{\"added\": {}}]"}}, {"model": "admin.logentry", "pk": 56, "fields": {"action_time": "2023-02-28T16:22:54.801Z", "user": 1, "content_type": 11, "object_id": "4", "object_repr": "Machakos (1500.0)", "action_flag": 1, "change_message": "[{\"added\": {}}]"}}, {"model": "admin.logentry", "pk": 57, "fields": {"action_time": "2023-02-28T16:23:21.939Z", "user": 1, "content_type": 11, "object_id": "5", "object_repr": "Mombasa (1800.0)", "action_flag": 1, "change_message": "[{\"added\": {}}]"}}, {"model": "auth.permission", "pk": 1, "fields": {"name": "Can add log entry", "content_type": 1, "codename": "add_logentry"}}, {"model": "auth.permission", "pk": 2, "fields": {"name": "Can change log entry", "content_type": 1, "codename": "change_logentry"}}, {"model": "auth.permission", "pk": 3, "fields": {"name": "Can delete log entry", "content_type": 1, "codename": "delete_logentry"}}, {"model": "auth.permission", "pk": 4, "fields": {"name": "Can view log entry", "content_type": 1, "codename": "view_logentry"}}, {"model": "auth.permission", "pk": 5, "fields": {"name": "Can add permission", "content_type": 2, "codename": "add_permission"}}, {"model": "auth.permission", "pk": 6, "fields": {"name": "Can change permission", "content_type": 2, "codename": "change_permission"}}, {"model": "auth.permission", "pk": 7, "fields": {"name": "Can delete permission", "content_type": 2, "codename": "delete_permission"}}, {"model": "auth.permission", "pk": 8, "fields": {"name": "Can view permission", "content_type": 2, "codename": "view_permission"}}, {"model": "auth.permission", "pk": 9, "fields": {"name": "Can add group", "content_type": 3, "codename": "add_group"}}, {"model": "auth.permission", "pk": 10, "fields": {"name": "Can change group", "content_type": 3, "codename": "change_group"}}, {"model": "auth.permission", "pk": 11, "fields": {"name": "Can delete group", "content_type": 3, "codename": "delete_group"}}, {"model": "auth.permission", "pk": 12, "fields": {"name": "Can view group", "content_type": 3, "codename": "view_group"}}, {"model": "auth.permission", "pk": 13, "fields": {"name": "Can add user", "content_type": 4, "codename": "add_user"}}, {"model": "auth.permission", "pk": 14, "fields": {"name": "Can change user", "content_type": 4, "codename": "change_user"}}, {"model": "auth.permission", "pk": 15, "fields": {"name": "Can delete user", "content_type": 4, "codename": "delete_user"}}, {"model": "auth.permission", "pk": 16, "fields": {"name": "Can view user", "content_type": 4, "codename": "view_user"}}, {"model": "auth.permission", "pk": 17, "fields": {"name": "Can add content type", "content_type": 5, "codename": "add_contenttype"}}, {"model": "auth.permission", "pk": 18, "fields": {"name": "Can change content type", "content_type": 5, "codename": "change_contenttype"}}, {"model": "auth.permission", "pk": 19, "fields": {"name": "Can delete content type", "content_type": 5, "codename": "delete_contenttype"}}, {"model": "auth.permission", "pk": 20, "fields": {"name": "Can view content type", "content_type": 5, "codename": "view_contenttype"}}, {"model": "auth.permission", "pk": 21, "fields": {"name": "Can add session", "content_type": 6, "codename": "add_session"}}, {"model": "auth.permission", "pk": 22, "fields": {"name": "Can change session", "content_type": 6, "codename": "change_session"}}, {"model": "auth.permission", "pk": 23, "fields": {"name": "Can delete session", "content_type": 6, "codename": "delete_session"}}, {"model": "auth.permission", "pk": 24, "fields": {"name": "Can view session", "content_type": 6, "codename": "view_session"}}, {"model": "auth.permission", "pk": 25, "fields": {"name": "Can add person", "content_type": 7, "codename": "add_person"}}, {"model": "auth.permission", "pk": 26, "fields": {"name": "Can change person", "content_type": 7, "codename": "change_person"}}, {"model": "auth.permission", "pk": 27, "fields": {"name": "Can delete person", "content_type": 7, "codename": "delete_person"}}, {"model": "auth.permission", "pk": 28, "fields": {"name": "Can view person", "content_type": 7, "codename": "view_person"}}, {"model": "auth.permission", "pk": 29, "fields": {"name": "Can add vehicle", "content_type": 8, "codename": "add_vehicle"}}, {"model": "auth.permission", "pk": 30, "fields": {"name": "Can change vehicle", "content_type": 8, "codename": "change_vehicle"}}, {"model": "auth.permission", "pk": 31, "fields": {"name": "Can delete vehicle", "content_type": 8, "codename": "delete_vehicle"}}, {"model": "auth.permission", "pk": 32, "fields": {"name": "Can view vehicle", "content_type": 8, "codename": "view_vehicle"}}, {"model": "auth.permission", "pk": 33, "fields": {"name": "Can add role", "content_type": 9, "codename": "add_role"}}, {"model": "auth.permission", "pk": 34, "fields": {"name": "Can change role", "content_type": 9, "codename": "change_role"}}, {"model": "auth.permission", "pk": 35, "fields": {"name": "Can delete role", "content_type": 9, "codename": "delete_role"}}, {"model": "auth.permission", "pk": 36, "fields": {"name": "Can view role", "content_type": 9, "codename": "view_role"}}, {"model": "auth.permission", "pk": 37, "fields": {"name": "Can add route", "content_type": 10, "codename": "add_route"}}, {"model": "auth.permission", "pk": 38, "fields": {"name": "Can change route", "content_type": 10, "codename": "change_route"}}, {"model": "auth.permission", "pk": 39, "fields": {"name": "Can delete route", "content_type": 10, "codename": "delete_route"}}, {"model": "auth.permission", "pk": 40, "fields": {"name": "Can view route", "content_type": 10, "codename": "view_route"}}, {"model": "auth.permission", "pk": 41, "fields": {"name": "Can add activity", "content_type": 11, "codename": "add_activity"}}, {"model": "auth.permission", "pk": 42, "fields": {"name": "Can change activity", "content_type": 11, "codename": "change_activity"}}, {"model": "auth.permission", "pk": 43, "fields": {"name": "Can delete activity", "content_type": 11, "codename": "delete_activity"}}, {"model": "auth.permission", "pk": 44, "fields": {"name": "Can view activity", "content_type": 11, "codename": "view_activity"}}, {"model": "auth.permission", "pk": 45, "fields": {"name": "Can add town", "content_type": 12, "codename": "add_town"}}, {"model": "auth.permission", "pk": 46, "fields": {"name": "Can change town", "content_type": 12, "codename": "change_town"}}, {"model": "auth.permission", "pk": 47, "fields": {"name": "Can delete town", "content_type": 12, "codename": "delete_town"}}, {"model": "auth.permission", "pk": 48, "fields": {"name": "Can view town", "content_type": 12, "codename": "view_town"}}, {"model": "auth.permission", "pk": 49, "fields": {"name": "Can add cordinates_activity", "content_type": 13, "codename": "add_cordinates_activity"}}, {"model": "auth.permission", "pk": 50, "fields": {"name": "Can change cordinates_activity", "content_type": 13, "codename": "change_cordinates_activity"}}, {"model": "auth.permission", "pk": 51, "fields": {"name": "Can delete cordinates_activity", "content_type": 13, "codename": "delete_cordinates_activity"}}, {"model": "auth.permission", "pk": 52, "fields": {"name": "Can view cordinates_activity", "content_type": 13, "codename": "view_cordinates_activity"}}, {"model": "auth.permission", "pk": 53, "fields": {"name": "Can add daily activity", "content_type": 11, "codename": "add_dailyactivity"}}, {"model": "auth.permission", "pk": 54, "fields": {"name": "Can change daily activity", "content_type": 11, "codename": "change_dailyactivity"}}, {"model": "auth.permission", "pk": 55, "fields": {"name": "Can delete daily activity", "content_type": 11, "codename": "delete_dailyactivity"}}, {"model": "auth.permission", "pk": 56, "fields": {"name": "Can view daily activity", "content_type": 11, "codename": "view_dailyactivity"}}, {"model": "auth.user", "pk": 1, "fields": {"password": "pbkdf2_sha256$390000$fqJTkMpQrjQkF63R71Jm3k$3T5YoJ5MSBYVHwmroqBID7BDioRIU9D503kgoI6TarA=", "last_login": "2023-02-28T12:47:36.014Z", "is_superuser": true, "username": "admin", "first_name": "", "last_name": "", "email": "jarvisochieng2018@gmail.com", "is_staff": true, "is_active": true, "date_joined": "2023-02-28T06:18:30.559Z", "groups": [], "user_permissions": []}}, {"model": "contenttypes.contenttype", "pk": 1, "fields": {"app_label": "admin", "model": "logentry"}}, {"model": "contenttypes.contenttype", "pk": 2, "fields": {"app_label": "auth", "model": "permission"}}, {"model": "contenttypes.contenttype", "pk": 3, "fields": {"app_label": "auth", "model": "group"}}, {"model": "contenttypes.contenttype", "pk": 4, "fields": {"app_label": "auth", "model": "user"}}, {"model": "contenttypes.contenttype", "pk": 5, "fields": {"app_label": "contenttypes", "model": "contenttype"}}, {"model": "contenttypes.contenttype", "pk": 6, "fields": {"app_label": "sessions", "model": "session"}}, {"model": "contenttypes.contenttype", "pk": 7, "fields": {"app_label": "matatu", "model": "person"}}, {"model": "contenttypes.contenttype", "pk": 8, "fields": {"app_label": "matatu", "model": "vehicle"}}, {"model": "contenttypes.contenttype", "pk": 9, "fields": {"app_label": "matatu", "model": "role"}}, {"model": "contenttypes.contenttype", "pk": 10, "fields": {"app_label": "matatu", "model": "route"}}, {"model": "contenttypes.contenttype", "pk": 11, "fields": {"app_label": "matatu", "model": "dailyactivity"}}, {"model": "contenttypes.contenttype", "pk": 12, "fields": {"app_label": "matatu", "model": "town"}}, {"model": "contenttypes.contenttype", "pk": 13, "fields": {"app_label": "matatu", "model": "cordinates_activity"}}, {"model": "sessions.session", "pk": "cnrv9jk58x3smbcqb2800hmsqnbs4kkt", "fields": {"session_data": ".eJxVjEEOwiAQRe_C2hCgwnRcuu8ZyACDVA0kpV0Z765NutDtf-_9l_C0rcVvnRc_J3ERWpx-t0DxwXUH6U711mRsdV3mIHdFHrTLqSV-Xg_376BQL9-aaWB2wJAMmBERjNUZMLjMEVWABNkOaI2FkM5ZIbswKEAAdFqNZMX7A-IeN0k:1pWzOK:sobzKDjVjeN-9zQkUX_oPNQudDvEZ8wTEer4GicNswQ", "expire_date": "2023-03-14T12:47:36.225Z"}}, {"model": "matatu.role", "pk": 1, "fields": {"role": "Owner", "date_created": "2022-02-28T12:20:11.018Z"}}, {"model": "matatu.role", "pk": 2, "fields": {"role": "Driver", "date_created": "2022-02-28T12:20:11.018Z"}}, {"model": "matatu.role", "pk": 3, "fields": {"role": "Conductor", "date_created": "2022-02-28T12:20:11.018Z"}}, {"model": "matatu.person", "pk": 1, "fields": {"id_number": 3804766, "first_name": "Jean", "last_name": "Lenah", "username": "admin", "password": "32133@ds", "DOB": "2001-07-25T06:37:25Z", "gender": "Male", "email": "johnsonmakings@gmail.com", "phone_number": 123456, "date_created": "2023-02-28T06:37:40.877Z", "Role_ID": 1}}, {"model": "matatu.person", "pk": 2, "fields": {"id_number": 765432, "first_name": "Erling", "last_name": "Squad", "username": "samwhite", "password": "123456", "DOB": "2000-02-28T06:38:05Z", "gender": "Female", "email": "myc@gmail.com", "phone_number": 765432, "date_created": "2023-02-28T06:38:34.760Z", "Role_ID": 1}}, {"model": "matatu.person", "pk": 3, "fields": {"id_number": 9876543, "first_name": "Means", "last_name": "Smith", "username": "admin123", "password": "98765432", "DOB": "1999-02-28T06:39:06Z", "gender": "Prefer not to say", "email": "wer@gmail.com", "phone_number": 9876543, "date_created": "2023-02-28T06:39:26.740Z", "Role_ID": 2}}, {"model": "matatu.person", "pk": 4, "fields": {"id_number": 1111987654, "first_name": "Justus", "last_name": "Smith", "username": "admin234", "password": "0987654dfv", "DOB": "2005-02-28T06:40:01Z", "gender": "Female", "email": "mkh@gmail.com", "phone_number": 987654, "date_created": "2023-02-28T06:40:18.431Z", "Role_ID": 2}}, {"model": "matatu.person", "pk": 5, "fields": {"id_number": 9998765, "first_name": "Justusman", "last_name": "man", "username": "mna", "password": "123456", "DOB": "2003-02-28T06:41:01Z", "gender": "Male", "email": "jarvi2018@gmail.com", "phone_number": 987654, "date_created": "2023-02-28T06:41:21.810Z", "Role_ID": 2}}, {"model": "matatu.person", "pk": 6, "fields": {"id_number": 56566556, "first_name": "Meamnb", "last_name": "Jesus", "username": "attemptmy", "password": "987654oiuyt", "DOB": "1980-02-28T06:44:16Z", "gender": "Female", "email": "weeks@gmail.com", "phone_number": 4343676798, "date_created": "2023-02-28T06:44:20.918Z", "Role_ID": 3}}, {"model": "matatu.person", "pk": 7, "fields": {"id_number": 23322332, "first_name": "Joan", "last_name": "make", "username": "adm44in", "password": "asdfg37", "DOB": "1988-02-28T06:45:02Z", "gender": "Male", "email": "jarvs@gmail.com", "phone_number": 5454878790, "date_created": "2023-02-28T06:45:24.374Z", "Role_ID": 3}}, {"model": "matatu.person", "pk": 8, "fields": {"id_number": 56870943, "first_name": "Sushi", "last_name": "Sunny", "username": "98765sunny", "password": "jhgfdse87", "DOB": "2001-02-28T06:46:26Z", "gender": "Female", "email": "jarvisochien@gmail.com", "phone_number": 452390, "date_created": "2023-02-28T06:46:45.814Z", "Role_ID": 2}}, {"model": "matatu.route", "pk": 1, "fields": {"route_name": "Kakamega-Kisumu-Nakuru-Nairobi", "distance_in_km": 560.0, "price": 800.0, "date_created": "2022-02-28T12:20:11.018Z"}}, {"model": "matatu.route", "pk": 2, "fields": {"route_name": "Mombasa-Nairobi-Narok-Kisii-Kisumu", "distance_in_km": 1127.0, "price": 2000.0, "date_created": "2022-02-28T12:20:11.018Z"}}, {"model": "matatu.route", "pk": 3, "fields": {"route_name": "Kakamega-Eldoret-Nakuru-Nairobi-Mombasa", "distance_in_km": 1210.0, "price": 2100.0, "date_created": "2022-02-28T12:20:11.018Z"}}, {"model": "matatu.route", "pk": 4, "fields": {"route_name": "Nakuru-Nairobi-Kitui-Mombasa", "distance_in_km": 713.0, "price": 1500.0, "date_created": "2022-02-28T12:20:11.018Z"}}, {"model": "matatu.route", "pk": 5, "fields": {"route_name": "Nairobi-Nakuru-Kisumu-Siaya", "distance_in_km": 780.0, "price": 1400.0, "date_created": "2022-02-28T12:20:11.018Z"}}, {"model": "matatu.route", "pk": 6, "fields": {"route_name": "Machakos-Nairobi-Nakuru-Kisumu", "distance_in_km": 657.0, "price": 1300.0, "date_created": "2022-02-28T12:20:11.018Z"}}, {"model": "matatu.route", "pk": 7, "fields": {"route_name": "Kitale-Kakamega-Kisumu", "distance_in_km": 301.0, "price": 300.0, "date_created": "2022-02-28T12:20:11.018Z"}}, {"model": "matatu.route", "pk": 8, "fields": {"route_name": "Mombasa-Nairobi-Kisumu-Siaya", "distance_in_km": 1256.0, "price": 2100.0, "date_created": "2022-02-28T12:20:11.018Z"}}, {"model": "matatu.route", "pk": 9, "fields": {"route_name": "Kisii-Narok-Nairobi", "distance_in_km": 547.0, "price": 950.0, "date_created": "2022-02-28T12:20:11.018Z"}}, {"model": "matatu.route", "pk": 10, "fields": {"route_name": "Homabay-Kisumu-Siaya", "distance_in_km": 357.0, "price": 750.0, "date_created": "2022-02-28T12:20:11.018Z"}}, {"model": "matatu.route", "pk": 11, "fields": {"route_name": "Bungoma-Kakamega-Kitale", "distance_in_km": 298.0, "price": 450.0, "date_created": "2022-02-28T12:20:11.018Z"}}, {"model": "matatu.vehicle", "pk": 1, "fields": {"person": 4, "route": 2, "reg_no": "KAB 656N", "make": "Nissan", "model": "Sunny", "sacco": "Ma3 Sacco", "seat_capacity": "11", "date_created": "2022-02-28T12:20:11.018Z"}}, {"model": "matatu.vehicle", "pk": 2, "fields": {"person": 4, "route": 3, "reg_no": "KAB 655C", "make": "Nissan", "model": "Ascent", "sacco": "Matatu Loner", "seat_capacity": "14", "date_created": "2022-02-28T12:20:11.018Z"}}, {"model": "matatu.vehicle", "pk": 3, "fields": {"person": 5, "route": 7, "reg_no": "KAB 655B", "make": "Nissan", "model": "Impreza", "sacco": "Kaisama", "seat_capacity": "11", "date_created": "2022-02-28T12:20:11.018Z"}}, {"model": "matatu.vehicle", "pk": 4, "fields": {"person": 6, "route": 7, "reg_no": "KAB 555B", "make": "Nissan", "model": "WRX", "sacco": "Ma3 Sacco", "seat_capacity": "11", "date_created": "2022-02-28T12:20:11.018Z"}}, {"model": "matatu.vehicle", "pk": 5, "fields": {"person": 6, "route": 2, "reg_no": "KBC 655C", "make": "Nissan", "model": "WRX", "sacco": "Matatu Loner", "seat_capacity": "14", "date_created": "2022-02-28T12:20:11.018Z"}}, {"model": "matatu.vehicle", "pk": 6, "fields": {"person": 3, "route": 5, "reg_no": "KDD 655C", "make": "Nissan", "model": "Forester", "sacco": "Matatu Loner", "seat_capacity": "11", "date_created": "2022-02-28T12:20:11.018Z"}}, {"model": "matatu.vehicle", "pk": 7, "fields": {"person": 7, "route": 4, "reg_no": "KDC 009C", "make": "Nissan", "model": "SUV", "sacco": "null", "seat_capacity": "14", "date_created": "2022-02-28T12:20:11.018Z"}}, {"model": "matatu.vehicle", "pk": 8, "fields": {"person": 2, "route": 2, "reg_no": "KDD 655D", "make": "Nissan", "model": "X5", "sacco": "null", "seat_capacity": "11", "date_created": "2022-02-28T12:20:11.018Z"}}, {"model": "matatu.town", "pk": 1, "fields": {"name": "Kisumu", "gps_x": -0.08657, "gps_y": 34.770756}}, {"model": "matatu.town", "pk": 2, "fields": {"name": "Nairobi", "gps_x": -1.28639, "gps_y": 36.81722}}, {"model": "matatu.town", "pk": 3, "fields": {"name": "Mombasa", "gps_x": -4.05, "gps_y": 39.667}}, {"model": "matatu.town", "pk": 4, "fields": {"name": "Kakamega", "gps_x": 0.283661, "gps_y": 34.751463}}, {"model": "matatu.town", "pk": 5, "fields": {"name": "Nakuru", "gps_x": -0.32338, "gps_y": 36.1507}}, {"model": "matatu.town", "pk": 6, "fields": {"name": "Narok", "gps_x": -1.25, "gps_y": 35.617}}, {"model": "matatu.town", "pk": 7, "fields": {"name": "Kisii", "gps_x": -0.677334, "gps_y": 34.779603}}, {"model": "matatu.town", "pk": 8, "fields": {"name": "Machakos", "gps_x": -1.267009, "gps_y": 37.320177}}, {"model": "matatu.dailyactivity", "pk": 1, "fields": {"vehicle": 2, "direction_to": 2, "date_created": "2023-02-28T16:21:54.870Z", "price": 1200.0, "status": "Full"}}, {"model": "matatu.dailyactivity", "pk": 2, "fields": {"vehicle": 6, "direction_to": 6, "date_created": "2023-02-28T16:22:13.451Z", "price": 700.0, "status": "Chance"}}, {"model": "matatu.dailyactivity", "pk": 3, "fields": {"vehicle": 7, "direction_to": 7, "date_created": "2023-02-28T16:22:31.392Z", "price": 500.0, "status": "Chance"}}, {"model": "matatu.dailyactivity", "pk": 4, "fields": {"vehicle": 5, "direction_to": 8, "date_created": "2023-02-28T16:22:54.797Z", "price": 1500.0, "status": "Full"}}, {"model": "matatu.dailyactivity", "pk": 5, "fields": {"vehicle": 7, "direction_to": 3, "date_created": "2023-02-28T16:23:21.938Z", "price": 1800.0, "status": "Chance"}}]